/*
 Navicat Premium Data Transfer

 Source Server         : DB_QLSV
 Source Server Type    : Oracle
 Source Server Version : 190000
 Source Host           : localhost:1521
 Source Schema         : QLSV

 Target Server Type    : Oracle
 Target Server Version : 190000
 File Encoding         : 65001

 Date: 06/06/2025 09:57:41
*/


-- ----------------------------
-- Table structure for CLASS
-- ----------------------------
DROP TABLE "QLSV"."CLASS";
CREATE TABLE "QLSV"."CLASS" (
  "ID" VARCHAR2(20 CHAR) VISIBLE NOT NULL,
  "NAME" VARCHAR2(200 CHAR) VISIBLE,
  "DESCRIPTION" CLOB VISIBLE,
  "CREATED_AT" DATE VISIBLE,
  "LASTMODIFIED" DATE VISIBLE,
  "DELETED" NUMBER(1,0) VISIBLE,
  "STATUS" NUMBER(1,0) VISIBLE,
  "TEACHER_ID" VARCHAR2(20 BYTE) VISIBLE
)
LOGGING
NOCOMPRESS
PCTFREE 10
INITRANS 1
STORAGE (
  INITIAL 65536 
  NEXT 1048576 
  MINEXTENTS 1
  MAXEXTENTS 2147483645
  BUFFER_POOL DEFAULT
)
PARALLEL 1
NOCACHE
DISABLE ROW MOVEMENT
;

-- ----------------------------
-- Records of CLASS
-- ----------------------------
INSERT INTO "QLSV"."CLASS" VALUES ('L003', 'Lập trình Java', NULL, TO_DATE('2025-06-05 12:55:25', 'SYYYY-MM-DD HH24:MI:SS'), TO_DATE('2025-06-05 12:56:09', 'SYYYY-MM-DD HH24:MI:SS'), '1', '1', 'GV010');
INSERT INTO "QLSV"."CLASS" VALUES ('L004', 'Thiết kế hệ thống', NULL, TO_DATE('2025-06-05 12:55:25', 'SYYYY-MM-DD HH24:MI:SS'), TO_DATE('2025-06-05 12:56:09', 'SYYYY-MM-DD HH24:MI:SS'), '1', '1', 'GV009');
INSERT INTO "QLSV"."CLASS" VALUES ('L005', 'Trí tuệ nhân tạo', NULL, TO_DATE('2025-06-05 12:55:25', 'SYYYY-MM-DD HH24:MI:SS'), TO_DATE('2025-06-05 12:56:09', 'SYYYY-MM-DD HH24:MI:SS'), '1', '1', 'GV011');
INSERT INTO "QLSV"."CLASS" VALUES ('L0001', 'Cơ sở dữ liệu', NULL, TO_DATE('2025-06-04 11:13:22', 'SYYYY-MM-DD HH24:MI:SS'), TO_DATE('2025-06-05 16:10:18', 'SYYYY-MM-DD HH24:MI:SS'), '0', '0', 'GV001');
INSERT INTO "QLSV"."CLASS" VALUES ('L0002', 'Toán cao cấp', NULL, TO_DATE('2025-06-05 12:55:25', 'SYYYY-MM-DD HH24:MI:SS'), TO_DATE('2025-06-05 12:56:09', 'SYYYY-MM-DD HH24:MI:SS'), '1', '1', 'GV001');

-- ----------------------------
-- Table structure for CLASS_STUDENT
-- ----------------------------
DROP TABLE "QLSV"."CLASS_STUDENT";
CREATE TABLE "QLSV"."CLASS_STUDENT" (
  "id" VARCHAR2(20 BYTE) VISIBLE NOT NULL,
  "CLASS_ID" VARCHAR2(20 BYTE) VISIBLE,
  "STUDENT_ID" VARCHAR2(20 BYTE) VISIBLE,
  "LASTMODIFIED" DATE VISIBLE,
  "CREATED_AT" DATE VISIBLE
)
LOGGING
NOCOMPRESS
PCTFREE 10
INITRANS 1
STORAGE (
  INITIAL 65536 
  NEXT 1048576 
  MINEXTENTS 1
  MAXEXTENTS 2147483645
  BUFFER_POOL DEFAULT
)
PARALLEL 1
NOCACHE
DISABLE ROW MOVEMENT
;

-- ----------------------------
-- Records of CLASS_STUDENT
-- ----------------------------
INSERT INTO "QLSV"."CLASS_STUDENT" VALUES ('5', 'L0001', 'SV002', TO_DATE('2014-07-26 13:19:59', 'SYYYY-MM-DD HH24:MI:SS'), TO_DATE('2024-11-12 12:48:43', 'SYYYY-MM-DD HH24:MI:SS'));
INSERT INTO "QLSV"."CLASS_STUDENT" VALUES ('6', 'L0001', 'SV006', TO_DATE('2017-05-26 03:10:20', 'SYYYY-MM-DD HH24:MI:SS'), TO_DATE('2012-02-06 15:15:09', 'SYYYY-MM-DD HH24:MI:SS'));
INSERT INTO "QLSV"."CLASS_STUDENT" VALUES ('2', 'L0001', 'SV003', TO_DATE('2017-01-03 18:32:30', 'SYYYY-MM-DD HH24:MI:SS'), TO_DATE('2014-12-13 07:37:30', 'SYYYY-MM-DD HH24:MI:SS'));
INSERT INTO "QLSV"."CLASS_STUDENT" VALUES ('4', 'L0001', 'SV005', TO_DATE('2014-07-26 13:19:59', 'SYYYY-MM-DD HH24:MI:SS'), TO_DATE('2024-11-12 12:48:43', 'SYYYY-MM-DD HH24:MI:SS'));
INSERT INTO "QLSV"."CLASS_STUDENT" VALUES ('1', 'L0001', 'SV001', TO_DATE('2017-05-26 03:10:20', 'SYYYY-MM-DD HH24:MI:SS'), TO_DATE('2012-02-06 15:15:09', 'SYYYY-MM-DD HH24:MI:SS'));

-- ----------------------------
-- Table structure for CYCLE
-- ----------------------------
DROP TABLE "QLSV"."CYCLE";
CREATE TABLE "QLSV"."CYCLE" (
  "ID" VARCHAR2(20 CHAR) VISIBLE NOT NULL,
  "NAME" VARCHAR2(200 CHAR) VISIBLE,
  "DESCRIPTION" CLOB VISIBLE,
  "START_DATE" DATE VISIBLE,
  "END_DATE" DATE VISIBLE,
  "CREATED_AT" DATE VISIBLE,
  "LASTMODIFIED" DATE VISIBLE,
  "DELETED" NUMBER(1,0) VISIBLE,
  "STATUS" NUMBER(1,0) VISIBLE
)
LOGGING
NOCOMPRESS
PCTFREE 10
INITRANS 1
STORAGE (
  INITIAL 65536 
  NEXT 1048576 
  MINEXTENTS 1
  MAXEXTENTS 2147483645
  BUFFER_POOL DEFAULT
)
PARALLEL 1
NOCACHE
DISABLE ROW MOVEMENT
;

-- ----------------------------
-- Records of CYCLE
-- ----------------------------
INSERT INTO "QLSV"."CYCLE" VALUES ('1', 'Học kỳ 1', 'học kỳ', TO_DATE('2025-04-16 00:00:00', 'SYYYY-MM-DD HH24:MI:SS'), TO_DATE('2025-04-16 00:00:00', 'SYYYY-MM-DD HH24:MI:SS'), TO_DATE('2025-04-16 00:00:00', 'SYYYY-MM-DD HH24:MI:SS'), TO_DATE('2025-04-16 00:00:00', 'SYYYY-MM-DD HH24:MI:SS'), '0', '0');
INSERT INTO "QLSV"."CYCLE" VALUES ('2', 'Học kỳ 2', 'học kỳ', TO_DATE('2025-04-16 00:00:00', 'SYYYY-MM-DD HH24:MI:SS'), TO_DATE('2025-04-16 00:00:00', 'SYYYY-MM-DD HH24:MI:SS'), TO_DATE('2025-04-16 00:00:00', 'SYYYY-MM-DD HH24:MI:SS'), TO_DATE('2025-04-16 00:00:00', 'SYYYY-MM-DD HH24:MI:SS'), '0', '0');
INSERT INTO "QLSV"."CYCLE" VALUES ('3', 'Học kỳ 3', 'học kỳ', TO_DATE('2025-04-16 00:00:00', 'SYYYY-MM-DD HH24:MI:SS'), TO_DATE('2025-04-16 00:00:00', 'SYYYY-MM-DD HH24:MI:SS'), TO_DATE('2025-04-16 00:00:00', 'SYYYY-MM-DD HH24:MI:SS'), TO_DATE('2025-04-16 00:00:00', 'SYYYY-MM-DD HH24:MI:SS'), '0', '0');
INSERT INTO "QLSV"."CYCLE" VALUES ('4', 'Học kỳ 4', 'học kỳ', TO_DATE('2025-04-16 00:00:00', 'SYYYY-MM-DD HH24:MI:SS'), TO_DATE('2025-04-16 00:00:00', 'SYYYY-MM-DD HH24:MI:SS'), TO_DATE('2025-04-16 00:00:00', 'SYYYY-MM-DD HH24:MI:SS'), TO_DATE('2025-04-16 00:00:00', 'SYYYY-MM-DD HH24:MI:SS'), '0', '0');
INSERT INTO "QLSV"."CYCLE" VALUES ('5', 'Học kỳ 5', 'học kỳ', TO_DATE('2025-04-16 00:00:00', 'SYYYY-MM-DD HH24:MI:SS'), TO_DATE('2025-04-16 00:00:00', 'SYYYY-MM-DD HH24:MI:SS'), TO_DATE('2025-04-16 00:00:00', 'SYYYY-MM-DD HH24:MI:SS'), TO_DATE('2025-04-16 00:00:00', 'SYYYY-MM-DD HH24:MI:SS'), '0', '0');
INSERT INTO "QLSV"."CYCLE" VALUES ('6', 'Học kỳ 6', 'học kỳ', TO_DATE('2025-04-16 00:00:00', 'SYYYY-MM-DD HH24:MI:SS'), TO_DATE('2025-04-16 00:00:00', 'SYYYY-MM-DD HH24:MI:SS'), TO_DATE('2025-04-16 00:00:00', 'SYYYY-MM-DD HH24:MI:SS'), TO_DATE('2025-04-16 00:00:00', 'SYYYY-MM-DD HH24:MI:SS'), '0', '0');

-- ----------------------------
-- Table structure for SCORE_SUBJECT
-- ----------------------------
DROP TABLE "QLSV"."SCORE_SUBJECT";
CREATE TABLE "QLSV"."SCORE_SUBJECT" (
  "ID" VARCHAR2(20 CHAR) VISIBLE NOT NULL,
  "SCORE_PROCESS" NUMBER(4,0) VISIBLE,
  "SCORE_FINAL" NUMBER(4,0) VISIBLE,
  "SUBJECT_ID" VARCHAR2(20 CHAR) VISIBLE,
  "SCORE_AVERAGE" NUMBER(4,0) VISIBLE,
  "STUDENT_ID" VARCHAR2(20 BYTE) VISIBLE,
  "CREATED_AT" DATE VISIBLE,
  "LASTMODIFIED" DATE VISIBLE,
  "DELETED" NUMBER(1,0) VISIBLE
)
LOGGING
NOCOMPRESS
PCTFREE 10
INITRANS 1
STORAGE (
  INITIAL 65536 
  NEXT 1048576 
  MINEXTENTS 1
  MAXEXTENTS 2147483645
  BUFFER_POOL DEFAULT
)
PARALLEL 1
NOCACHE
DISABLE ROW MOVEMENT
;

-- ----------------------------
-- Records of SCORE_SUBJECT
-- ----------------------------
INSERT INTO "QLSV"."SCORE_SUBJECT" VALUES ('2', '7', '8', 'MH002', '8', 'SV007', TO_DATE('2025-06-05 11:31:16', 'SYYYY-MM-DD HH24:MI:SS'), TO_DATE('2025-06-05 11:31:21', 'SYYYY-MM-DD HH24:MI:SS'), '0');
INSERT INTO "QLSV"."SCORE_SUBJECT" VALUES ('3', '7', '8', 'MH003', '8', 'SV007', TO_DATE('2025-06-05 11:31:16', 'SYYYY-MM-DD HH24:MI:SS'), TO_DATE('2025-06-05 11:31:21', 'SYYYY-MM-DD HH24:MI:SS'), '0');
INSERT INTO "QLSV"."SCORE_SUBJECT" VALUES ('4', '6', '10', 'MH004', '8', 'SV001', TO_DATE('2025-06-05 11:31:16', 'SYYYY-MM-DD HH24:MI:SS'), NULL, '0');
INSERT INTO "QLSV"."SCORE_SUBJECT" VALUES ('6', '5', '5', 'MH005', '5', 'SV007', TO_DATE('2025-06-05 11:31:16', 'SYYYY-MM-DD HH24:MI:SS'), TO_DATE('2025-06-05 11:31:21', 'SYYYY-MM-DD HH24:MI:SS'), '0');
INSERT INTO "QLSV"."SCORE_SUBJECT" VALUES ('aefe7829-0585-43', '8', '8', 'MH001', '8', 'SV001', TO_DATE('2025-06-05 21:47:13', 'SYYYY-MM-DD HH24:MI:SS'), TO_DATE('2025-06-05 21:47:13', 'SYYYY-MM-DD HH24:MI:SS'), '0');
INSERT INTO "QLSV"."SCORE_SUBJECT" VALUES ('c7b82401-8e80-4f', '7', '9', 'MH001', '8', 'SV003', TO_DATE('2025-06-05 18:31:03', 'SYYYY-MM-DD HH24:MI:SS'), TO_DATE('2025-06-05 18:31:03', 'SYYYY-MM-DD HH24:MI:SS'), '0');
INSERT INTO "QLSV"."SCORE_SUBJECT" VALUES ('1', '8', '9', 'MH001', '9', 'SV007', TO_DATE('2025-06-05 11:31:16', 'SYYYY-MM-DD HH24:MI:SS'), TO_DATE('2025-06-05 11:31:21', 'SYYYY-MM-DD HH24:MI:SS'), '0');
INSERT INTO "QLSV"."SCORE_SUBJECT" VALUES ('c7c2d937-d380-4e', '9', '7', 'MH001', '8', 'SV005', TO_DATE('2025-06-05 18:29:25', 'SYYYY-MM-DD HH24:MI:SS'), TO_DATE('2025-06-05 18:29:25', 'SYYYY-MM-DD HH24:MI:SS'), '0');

-- ----------------------------
-- Table structure for STUDENT
-- ----------------------------
DROP TABLE "QLSV"."STUDENT";
CREATE TABLE "QLSV"."STUDENT" (
  "ID" VARCHAR2(20 BYTE) VISIBLE NOT NULL,
  "NAME" VARCHAR2(255 BYTE) VISIBLE NOT NULL,
  "START_YEAR" DATE VISIBLE,
  "END_YEAR" DATE VISIBLE,
  "DATE_OF_BIRTH" DATE VISIBLE,
  "ADDRESS" VARCHAR2(255 BYTE) VISIBLE,
  "PHONE" NUMBER(12,0) VISIBLE,
  "EMAIL" VARCHAR2(255 BYTE) VISIBLE,
  "DELETED" NUMBER(1,0) VISIBLE NOT NULL,
  "STATUS" NUMBER(1,0) VISIBLE NOT NULL,
  "CREATE_AT" DATE VISIBLE NOT NULL,
  "LASTMODIFIED" DATE VISIBLE NOT NULL,
  "PASSWORD" VARCHAR2(255 BYTE) VISIBLE
)
LOGGING
NOCOMPRESS
PCTFREE 10
INITRANS 1
STORAGE (
  INITIAL 65536 
  NEXT 1048576 
  MINEXTENTS 1
  MAXEXTENTS 2147483645
  BUFFER_POOL DEFAULT
)
PARALLEL 1
NOCACHE
DISABLE ROW MOVEMENT
;

-- ----------------------------
-- Records of STUDENT
-- ----------------------------
INSERT INTO "QLSV"."STUDENT" VALUES ('SV006', 'adsad', TO_DATE('2023-06-01 00:00:00', 'SYYYY-MM-DD HH24:MI:SS'), TO_DATE('2023-06-01 00:00:00', 'SYYYY-MM-DD HH24:MI:SS'), TO_DATE('2002-02-09 00:00:00', 'SYYYY-MM-DD HH24:MI:SS'), 'Cần Thơ', '987654321', 'e.hoang@example.com', '1', '1', TO_DATE('2019-09-01 00:00:00', 'SYYYY-MM-DD HH24:MI:SS'), TO_DATE('2019-09-01 00:00:00', 'SYYYY-MM-DD HH24:MI:SS'), '$2y$10$/nv4.Xxe2b6l/unjPhG3HOSH2QkjJCIiHj87c1bsiWTxtMP6tnGxG');
INSERT INTO "QLSV"."STUDENT" VALUES ('SV001', 'Nguyễn Văn A', TO_DATE('2021-09-01 00:00:00', 'SYYYY-MM-DD HH24:MI:SS'), TO_DATE('2025-06-01 00:00:00', 'SYYYY-MM-DD HH24:MI:SS'), TO_DATE('2003-01-15 00:00:00', 'SYYYY-MM-DD HH24:MI:SS'), 'Hà Nội', '912345678', 'a.nguyen@example.com', '0', '0', TO_DATE('2021-09-01 00:00:00', 'SYYYY-MM-DD HH24:MI:SS'), TO_DATE('2024-01-01 00:00:00', 'SYYYY-MM-DD HH24:MI:SS'), '$2y$10$D2hE0AI8oNckC7/ddgsq7.bxSh/x2y5PMb6GbGNHHhdzUF2b81/cG');
INSERT INTO "QLSV"."STUDENT" VALUES ('SV002', 'Trần Thị B', TO_DATE('2020-09-01 00:00:00', 'SYYYY-MM-DD HH24:MI:SS'), TO_DATE('2024-06-01 00:00:00', 'SYYYY-MM-DD HH24:MI:SS'), TO_DATE('2002-03-22 00:00:00', 'SYYYY-MM-DD HH24:MI:SS'), 'TP. HCM', '934567890', 'b.tran@example.com', '0', '0', TO_DATE('2020-09-01 00:00:00', 'SYYYY-MM-DD HH24:MI:SS'), TO_DATE('2023-11-01 00:00:00', 'SYYYY-MM-DD HH24:MI:SS'), '$2a$12$jZNGIxdnpQl.e6iTVGL0f.kORRDHORJw9vGrHHeYXO2fJYvGmwlZq');
INSERT INTO "QLSV"."STUDENT" VALUES ('SV003', 'Lê Văn C', TO_DATE('2022-09-01 00:00:00', 'SYYYY-MM-DD HH24:MI:SS'), NULL, TO_DATE('2004-07-30 00:00:00', 'SYYYY-MM-DD HH24:MI:SS'), 'Đà Nẵng', '978654321', 'c.le@example.com', '0', '0', TO_DATE('2022-09-01 00:00:00', 'SYYYY-MM-DD HH24:MI:SS'), TO_DATE('2025-04-01 00:00:00', 'SYYYY-MM-DD HH24:MI:SS'), '$2y$10$EP4XBbhXArwCuZDqPE7k2uNMntwP7sKUdQLHc.hfW2UnD.owl9V2C');
INSERT INTO "QLSV"."STUDENT" VALUES ('SV004', 'Phạm Thị D', TO_DATE('2021-09-01 00:00:00', 'SYYYY-MM-DD HH24:MI:SS'), TO_DATE('2025-06-01 00:00:00', 'SYYYY-MM-DD HH24:MI:SS'), TO_DATE('2003-11-11 00:00:00', 'SYYYY-MM-DD HH24:MI:SS'), 'Hải Phòng', '901234567', 'd.pham@example.com', '0', '0', TO_DATE('2021-09-01 00:00:00', 'SYYYY-MM-DD HH24:MI:SS'), TO_DATE('2023-06-01 00:00:00', 'SYYYY-MM-DD HH24:MI:SS'), '$2a$12$v5quSQYHIJ1lkvFRTwLJb.gJouu1SPJoyV4BFfnMceS8QPHRdbJxW');
INSERT INTO "QLSV"."STUDENT" VALUES ('SV005', 'Hoàng Văn E', TO_DATE('2019-09-01 00:00:00', 'SYYYY-MM-DD HH24:MI:SS'), TO_DATE('2023-06-01 00:00:00', 'SYYYY-MM-DD HH24:MI:SS'), TO_DATE('2002-02-09 00:00:00', 'SYYYY-MM-DD HH24:MI:SS'), 'Cần Thơ', '987654321', 'e.hoang@example.com', '0', '0', TO_DATE('2019-09-01 00:00:00', 'SYYYY-MM-DD HH24:MI:SS'), TO_DATE('2022-09-01 00:00:00', 'SYYYY-MM-DD HH24:MI:SS'), '$2y$10$UmLB9FJ6I8d6AOiwpxwXbuL6khSdQrfUsqZiL0OPbKEAyTwdWIBN6');
INSERT INTO "QLSV"."STUDENT" VALUES ('SV007', 'FÂFE', TO_DATE('2019-09-01 00:00:00', 'SYYYY-MM-DD HH24:MI:SS'), TO_DATE('2023-06-01 00:00:00', 'SYYYY-MM-DD HH24:MI:SS'), TO_DATE('2002-02-09 00:00:00', 'SYYYY-MM-DD HH24:MI:SS'), 'THAI BINH', '345325253', 'e.hoang@example.com', '0', '0', TO_DATE('2019-09-01 00:00:00', 'SYYYY-MM-DD HH24:MI:SS'), TO_DATE('2019-09-01 00:00:00', 'SYYYY-MM-DD HH24:MI:SS'), '$2a$12$M7IaLmSYNPHaQ6PhxrZSje0sRXCa7rVn2WzvhbiLR2WaiBnr6GfBa');

-- ----------------------------
-- Table structure for SUBJECT
-- ----------------------------
DROP TABLE "QLSV"."SUBJECT";
CREATE TABLE "QLSV"."SUBJECT" (
  "ID" VARCHAR2(20 CHAR) VISIBLE NOT NULL,
  "NAME" VARCHAR2(200 CHAR) VISIBLE,
  "PROCESS_COEFFICIENT" NUMBER VISIBLE,
  "EXAM_COEFFICIENT" NUMBER VISIBLE,
  "CREATE_AT" DATE VISIBLE,
  "LASTMODIFIED" DATE VISIBLE,
  "DELETED" NUMBER(1,0) VISIBLE,
  "STATUS" NUMBER(1,0) VISIBLE,
  "CYCLE_ID" VARCHAR2(20 BYTE) VISIBLE,
  "TEACHER_ID" VARCHAR2(20 BYTE) VISIBLE,
  "START_DATE" DATE VISIBLE,
  "END_DATE" DATE VISIBLE,
  "DESCRIPTION" VARCHAR2(500 BYTE) VISIBLE
)
LOGGING
NOCOMPRESS
PCTFREE 10
INITRANS 1
STORAGE (
  INITIAL 65536 
  NEXT 1048576 
  MINEXTENTS 1
  MAXEXTENTS 2147483645
  BUFFER_POOL DEFAULT
)
PARALLEL 1
NOCACHE
DISABLE ROW MOVEMENT
;

-- ----------------------------
-- Records of SUBJECT
-- ----------------------------
INSERT INTO "QLSV"."SUBJECT" VALUES ('f7295ccb-09a1-42', 'php', '0.6', '0.4', TO_DATE('2025-06-05 21:47:53', 'SYYYY-MM-DD HH24:MI:SS'), TO_DATE('2025-06-05 21:47:53', 'SYYYY-MM-DD HH24:MI:SS'), '1', '0', '5', 'GV010', NULL, NULL, NULL);
INSERT INTO "QLSV"."SUBJECT" VALUES ('MH001', 'Toán cao cấp', '0.4', '0.6', TO_DATE('2021-09-01 00:00:00', 'SYYYY-MM-DD HH24:MI:SS'), TO_DATE('2025-06-05 13:01:22', 'SYYYY-MM-DD HH24:MI:SS'), '0', '0', '1', 'GV001', TO_DATE('2025-06-05 00:00:00', 'SYYYY-MM-DD HH24:MI:SS'), TO_DATE('2025-06-22 00:00:00', 'SYYYY-MM-DD HH24:MI:SS'), 'Môn học nền tảng cho khối kỹ thuật');
INSERT INTO "QLSV"."SUBJECT" VALUES ('MH002', 'Lập trình Java', '0.5', '0.5', TO_DATE('2022-09-01 00:00:00', 'SYYYY-MM-DD HH24:MI:SS'), TO_DATE('2025-06-01 00:00:00', 'SYYYY-MM-DD HH24:MI:SS'), '0', '1', '1', 'GV010', TO_DATE('2022-09-10 00:00:00', 'SYYYY-MM-DD HH24:MI:SS'), TO_DATE('2023-01-10 00:00:00', 'SYYYY-MM-DD HH24:MI:SS'), 'Lập trình hướng đối tượng với Java');
INSERT INTO "QLSV"."SUBJECT" VALUES ('MH003', 'Thiết kế hệ thống', '0.5', '0.5', TO_DATE('2022-09-01 00:00:00', 'SYYYY-MM-DD HH24:MI:SS'), TO_DATE('2025-06-05 18:16:25', 'SYYYY-MM-DD HH24:MI:SS'), '0', '0', '1', 'GV001', TO_DATE('2022-09-10 00:00:00', 'SYYYY-MM-DD HH24:MI:SS'), TO_DATE('2023-01-10 00:00:00', 'SYYYY-MM-DD HH24:MI:SS'), 'Thiết kế hệ thống');
INSERT INTO "QLSV"."SUBJECT" VALUES ('MH004', 'Cơ sở dữ liệu', '0.5', '0.5', TO_DATE('2022-09-01 00:00:00', 'SYYYY-MM-DD HH24:MI:SS'), TO_DATE('2025-06-05 18:03:22', 'SYYYY-MM-DD HH24:MI:SS'), '0', '0', '1', 'GV001', TO_DATE('2022-09-10 00:00:00', 'SYYYY-MM-DD HH24:MI:SS'), TO_DATE('2025-06-05 00:00:00', 'SYYYY-MM-DD HH24:MI:SS'), 'Cơ sở dữ liệu');
INSERT INTO "QLSV"."SUBJECT" VALUES ('MH005', 'Trí tuệ nhân tạo', '0.5', '0.5', TO_DATE('2022-09-01 00:00:00', 'SYYYY-MM-DD HH24:MI:SS'), TO_DATE('2025-06-01 00:00:00', 'SYYYY-MM-DD HH24:MI:SS'), '1', '0', '2', 'GV011', TO_DATE('2022-09-10 00:00:00', 'SYYYY-MM-DD HH24:MI:SS'), TO_DATE('2023-01-10 00:00:00', 'SYYYY-MM-DD HH24:MI:SS'), 'Trí tuệ nhân tạo');

-- ----------------------------
-- Table structure for TEACHER
-- ----------------------------
DROP TABLE "QLSV"."TEACHER";
CREATE TABLE "QLSV"."TEACHER" (
  "ID" VARCHAR2(20 BYTE) VISIBLE NOT NULL,
  "NAME" VARCHAR2(255 BYTE) VISIBLE NOT NULL,
  "STATUS" NUMBER(1,0) VISIBLE NOT NULL,
  "PHONE" VARCHAR2(11 BYTE) VISIBLE,
  "MAIL" VARCHAR2(255 BYTE) VISIBLE,
  "DELETED" NUMBER(1,0) VISIBLE NOT NULL,
  "CREATE_AT" DATE VISIBLE,
  "LASTMODIFIED" DATE VISIBLE,
  "PASSWORD" VARCHAR2(255 BYTE) VISIBLE NOT NULL,
  "TYPE" NUMBER(1,0) VISIBLE NOT NULL,
  "DATE_OF_BIRTH" DATE VISIBLE
)
LOGGING
NOCOMPRESS
PCTFREE 10
INITRANS 1
STORAGE (
  INITIAL 65536 
  NEXT 1048576 
  MINEXTENTS 1
  MAXEXTENTS 2147483645
  BUFFER_POOL DEFAULT
)
PARALLEL 1
NOCACHE
DISABLE ROW MOVEMENT
;

-- ----------------------------
-- Records of TEACHER
-- ----------------------------
INSERT INTO "QLSV"."TEACHER" VALUES ('GV010', 'Phạm Văn Hải', '0', '956789012', 'hai.pham@example.com', '0', TO_DATE('2018-02-25 00:00:00', 'SYYYY-MM-DD HH24:MI:SS'), TO_DATE('2022-08-30 00:00:00', 'SYYYY-MM-DD HH24:MI:SS'), '$2a$12$M7IaLmSYNPHaQ6PhxrZSje0sRXCa7rVn2WzvhbiLR2WaiBnr6GfBa', '1', TO_DATE('2003-06-05 09:49:44', 'SYYYY-MM-DD HH24:MI:SS'));
INSERT INTO "QLSV"."TEACHER" VALUES ('GV009', 'Đặng Thúy Hằng', '0', '945678901', 'hang.dang@example.com', '0', TO_DATE('2022-06-20 00:00:00', 'SYYYY-MM-DD HH24:MI:SS'), TO_DATE('2025-01-01 00:00:00', 'SYYYY-MM-DD HH24:MI:SS'), '$2a$12$M7IaLmSYNPHaQ6PhxrZSje0sRXCa7rVn2WzvhbiLR2WaiBnr6GfBa', '0', TO_DATE('2003-06-05 09:49:44', 'SYYYY-MM-DD HH24:MI:SS'));
INSERT INTO "QLSV"."TEACHER" VALUES ('GV005', 'Hoàng Quốc Tuấn', '0', '905556677', 'tuan.hoang@example.com', '0', TO_DATE('2022-03-01 00:00:00', 'SYYYY-MM-DD HH24:MI:SS'), TO_DATE('2025-06-01 00:00:00', 'SYYYY-MM-DD HH24:MI:SS'), '$2a$12$M7IaLmSYNPHaQ6PhxrZSje0sRXCa7rVn2WzvhbiLR2WaiBnr6GfBa', '0', TO_DATE('2003-06-05 09:49:44', 'SYYYY-MM-DD HH24:MI:SS'));
INSERT INTO "QLSV"."TEACHER" VALUES ('GV001', 'NGUYEN VAN A', '0', '0123456789', 'a@gmail.com', '0', TO_DATE('2022-03-01 00:00:00', 'SYYYY-MM-DD HH24:MI:SS'), TO_DATE('2022-03-01 00:00:00', 'SYYYY-MM-DD HH24:MI:SS'), '$2a$12$M7IaLmSYNPHaQ6PhxrZSje0sRXCa7rVn2WzvhbiLR2WaiBnr6GfBa', '1', TO_DATE('2003-06-05 09:49:44', 'SYYYY-MM-DD HH24:MI:SS'));
INSERT INTO "QLSV"."TEACHER" VALUES ('AD001', 'admin', '0', '123456789', 'a@gmail.com', '0', TO_DATE('2022-03-01 00:00:00', 'SYYYY-MM-DD HH24:MI:SS'), TO_DATE('2022-03-01 00:00:00', 'SYYYY-MM-DD HH24:MI:SS'), '$2a$12$M7IaLmSYNPHaQ6PhxrZSje0sRXCa7rVn2WzvhbiLR2WaiBnr6GfBa', '0', TO_DATE('2003-06-05 09:49:44', 'SYYYY-MM-DD HH24:MI:SS'));
INSERT INTO "QLSV"."TEACHER" VALUES ('GV011', 'Trần Thị Mai', '1', NULL, 'mai.tran@university.edu.vn', '1', TO_DATE('2022-03-01 00:00:00', 'SYYYY-MM-DD HH24:MI:SS'), TO_DATE('2025-06-05 00:00:00', 'SYYYY-MM-DD HH24:MI:SS'), '$2a$12$M7laLmSYNPHaGPPhxrZSje0xRXCa7rVn2Wzx', '1', TO_DATE('1985-08-15 00:00:00', 'SYYYY-MM-DD HH24:MI:SS'));

-- ----------------------------
-- View structure for STUDENT_SCORE_REPORT
-- ----------------------------
CREATE OR REPLACE VIEW "QLSV"."STUDENT_SCORE_REPORT" AS SELECT 
    s.ID as student_id,
    s.NAME as student_name,
    sub.NAME as subject_name,
    ss.SCORE_AVERAGE,
    CASE 
        WHEN ss.SCORE_AVERAGE >= 5 THEN 'Qua môn'
        ELSE 'Học lại'
    END as is_passed,
    c.NAME as cycle_name
FROM STUDENT s
JOIN SCORE_SUBJECT ss ON s.ID = ss.STUDENT_ID
JOIN SUBJECT sub ON ss.SUBJECT_ID = sub.ID
JOIN CYCLE c ON sub.CYCLE_ID = c.ID
WHERE s.DELETED = 0 AND ss.DELETED = 0;

-- ----------------------------
-- Function structure for GEN_USER_ID
-- ----------------------------
CREATE OR REPLACE
FUNCTION "QLSV"."GEN_USER_ID" AS
BEGIN
    IF UPPER(p_role) = 'USER' THEN
        user_id := 'SV' || LPAD(TO_CHAR(user_id_seq.NEXTVAL), 3, '0');
    ELSE
        user_id := 'GV' || LPAD(TO_CHAR(user_id_seq.NEXTVAL), 3, '0');
    END IF;

    RETURN user_id;
END;
/

-- ----------------------------
-- Function structure for HASH_PASSWORD
-- ----------------------------
CREATE OR REPLACE
FUNCTION "QLSV"."HASH_PASSWORD" AS
BEGIN
  l_raw := DBMS_CRYPTO.HASH(UTL_I18N.STRING_TO_RAW(p_password, 'AL32UTF8'),
                            DBMS_CRYPTO.HASH_SH256);
  RETURN RAWTOHEX(l_raw);
END;
/


-- 1. INSERT INTO TEACHER
INSERT INTO TEACHER (ID, NAME, STATUS, PHONE, MAIL, DELETED, CREATE_AT, LASTMODIFIED, PASSWORD, TYPE) VALUES
(hash_password('GV001'), 'Nguyễn Minh Hùng', 0, 901112223, 'hung.nguyen@example.com', 0, '2020-08-01', '2024-06-01', 'gvpass1', 1),
('GV002', 'Lê Thị Lan', 0, 902223344, 'lan.le@example.com', 0, '2019-09-01', '2023-12-01', 'gvpass2', 1),
('GV003', 'Trần Văn Nam', 1, 903334455, 'nam.tran@example.com', 1, '2018-10-15', '2022-01-01', 'gvpass3', 1),
('GV004', 'Phạm Thùy Linh', 0, 904445566, 'linh.pham@example.com', 0, '2021-01-01', '2025-05-01', 'gvpass4', 1),
('GV005', 'Hoàng Quốc Tuấn', 0, 905556677, 'tuan.hoang@example.com', 0, '2022-03-01', '2025-06-01', 'gvpass5', 0);

-- 2. INSERT INTO STUDENT
INSERT INTO STUDENT (ID, NAME, START_YEAR, END_YEAR, DATE_OF_BIRTH, ADDRESS, PHONE, EMAIL, DELETED, STATUS, CREATE_AT, LASTMODIFIED, PASSWORD) VALUES
(hash_password('SV001'), 'Nguyễn Văn A', '2021-09-01', '2025-06-01', '2003-01-15', 'Hà Nội', 912345678, 'a.nguyen@example.com', 0, 0, '2021-09-01', '2024-06-01', 'pass123'),
('SV002', 'Trần Thị B', '2020-09-01', '2024-06-01', '2002-03-22', 'TP. HCM', 934567890, 'b.tran@example.com', 0, 0, '2020-09-01', '2024-05-01', 'pass456'),
('SV003', 'Lê Văn C', '2022-09-01', NULL, '2004-07-30', 'Đà Nẵng', 978654321, 'c.le@example.com', 0, 0, '2022-09-01', '2025-05-01', 'pass789'),
('SV004', 'Phạm Thị D', '2021-09-01', '2025-06-01', '2003-11-11', 'Hải Phòng', 901234567, 'd.pham@example.com', 0, 1, '2021-09-01', '2025-05-01', 'passabc'),
('SV005', 'Hoàng Văn E', '2019-09-01', '2023-06-01', '2001-02-09', 'Cần Thơ', 987654321, 'e.hoang@example.com', 1, 1, '2019-09-01', '2023-06-01', 'passxyz');

-- 3. INSERT INTO CYCLE
INSERT INTO CYCLE (ID, NAME, DESCRIPTION, START_DATE, END_DATE, CREATED_AT, LASTMODIFIED, DELETED, STATUS) VALUES
('KY001', 'Kỳ 1 năm 2021', 'Học kỳ 1 của năm học 2021', '2021-09-01', '2022-01-15', '2021-08-01', '2022-01-20', 0, 0),
('KY002', 'Kỳ 2 năm 2021', 'Học kỳ 2 của năm học 2021', '2022-02-01', '2022-06-15', '2022-01-10', '2022-06-20', 0, 0),
('KY003', 'Kỳ 1 năm 2022', 'Học kỳ 1 của năm học 2022', '2022-09-01', '2023-01-15', '2022-08-01', '2023-01-20', 0, 1),
('KY004', 'Kỳ 2 năm 2022', 'Học kỳ 2 của năm học 2022', '2023-02-01', '2023-06-15', '2023-01-10', '2023-06-20', 0, 0),
('KY005', 'Kỳ 1 năm 2023', 'Học kỳ 1 của năm học 2023', '2023-09-01', '2024-01-15', '2023-08-01', '2024-01-20', 0, 0);

-- 4. INSERT INTO SUBJECT
INSERT INTO SUBJECT (ID, NAME, DESCRIPTION, PROCESS_COEFFICIENT, EXAM_COEFFICIENT, CREATE_AT, LASTMODIFIED, DELETED, STATUS, CYCLE_ID, TEACHER_ID, START_DATE, END_DATE) VALUES
('MH001', 'Toán cao cấp', 'Môn học nền tảng cho khối kỹ thuật', 0.4, 0.6, '2021-09-01', '2024-06-01', 0, 0, 'KY001', 'GV001', '2021-09-15', '2022-01-15'),
('MH002', 'Lập trình Java', 'Lập trình hướng đối tượng với Java', 0.5, 0.5, '2022-09-01', '2025-06-01', 0, 0, 'KY002', 'GV002', '2022-09-10', '2023-01-10'),
('MH003', 'Cơ sở dữ liệu', 'Thiết kế và sử dụng cơ sở dữ liệu', 0.3, 0.7, '2023-09-01', '2024-05-01', 0, 1, 'KY003', 'GV003', '2023-09-01', '2024-01-01'),
('MH004', 'Mạng máy tính', 'Kiến thức về mạng và truyền thông', 0.5, 0.5, '2022-01-01', '2024-06-01', 0, 0, 'KY002', 'GV004', '2022-01-10', '2022-05-10'),
('MH005', 'Trí tuệ nhân tạo', 'Ứng dụng AI trong công nghệ', 0.6, 0.4, '2024-01-01', '2025-06-01', 0, 0, 'KY004', 'GV005', '2024-01-15', '2024-06-15');

-- 5. INSERT INTO CLASS
INSERT INTO CLASS (ID, NAME, DESCRIPTION, CREATE_AT, LASTMODIFIED, DELETED, STATUS, TEACHER_ID) VALUES
('L001', 'CNTT K28A', 'Lớp Công nghệ thông tin khóa 28A', '2021-09-01', '2024-05-20', 0, 0, 'GV001'),
('L002', 'CNTT K28B', 'Lớp Công nghệ thông tin khóa 28B', '2021-09-01', '2024-05-20', 0, 0, 'GV002'),
('L003', 'KTPM K27A', 'Lớp Kỹ thuật phần mềm khóa 27A', '2020-09-01', '2024-05-20', 0, 1, 'GV003'),
('L004', 'HTTT K26B', 'Lớp Hệ thống thông tin khóa 26B', '2019-09-01', '2023-06-01', 1, 1, 'GV004'),
('L005', 'AI K29', 'Lớp Trí tuệ nhân tạo khóa 29', '2022-09-01', '2025-05-15', 0, 0, 'GV005');

-- 6. INSERT INTO CLASS_STUDENT
INSERT INTO CLASS_STUDENT (ID, CLASS_ID, STUDENT_ID, LASTMODIFIED, CREATED_AT) VALUES
('CLST001', 'L001', 'SV001', '2024-05-01', '2021-09-01'),
('CLST002', 'L001', 'SV002', '2024-05-01', '2021-09-01'),
('CLST003', 'L002', 'SV003', '2025-05-01', '2022-09-01'),
('CLST004', 'L003', 'SV004', '2023-06-01', '2020-09-01'),
('CLST005', 'L005', 'SV005', '2025-05-01', '2022-09-01');

-- 7. INSERT INTO SCORE_SUBJECT
INSERT INTO SCORE_SUBJECT (ID, SCORE_PROCESS, SCORE_FINAL, SUBJECT_ID, SCORE_AVERAGE, STUDENT_ID, CREATED_AT, LASTMODIFIED, DELETED) VALUES
('SC001', 8.0, 7.0, 'MH001', 7.4, 'SV001', '2022-01-15', '2022-01-20', 0),
('SC002', 6.5, 7.5, 'MH002', 7.0, 'SV002', '2023-01-10', '2023-01-15', 0),
('SC003', 9.0, 8.0, 'MH003', 8.4, 'SV003', '2024-01-01', '2024-01-05', 0),
('SC004', 5.0, 6.0, 'MH004', 5.5, 'SV004', '2023-06-10', '2023-06-15', 0),
('SC005', 7.0, 9.0, 'MH005', 7.8, 'SV005', '2025-06-01', '2025-06-02', 0)
/

-- ----------------------------
-- Sequence structure for USER_ID_SEQ
-- ----------------------------
DROP SEQUENCE "QLSV"."USER_ID_SEQ";
CREATE SEQUENCE "QLSV"."USER_ID_SEQ" MINVALUE 1 MAXVALUE 9999999999999999999999999999 INCREMENT BY 1 CACHE 20;

-- ----------------------------
-- Primary Key structure for table CLASS
-- ----------------------------
ALTER TABLE "QLSV"."CLASS" ADD CONSTRAINT "CLASS_PK" PRIMARY KEY ("ID");

-- ----------------------------
-- Checks structure for table CLASS
-- ----------------------------
ALTER TABLE "QLSV"."CLASS" ADD CONSTRAINT "SYS_C007453" CHECK ("ID" IS NOT NULL) NOT DEFERRABLE INITIALLY IMMEDIATE NORELY VALIDATE;

-- ----------------------------
-- Primary Key structure for table CLASS_STUDENT
-- ----------------------------
ALTER TABLE "QLSV"."CLASS_STUDENT" ADD CONSTRAINT "SYS_C007515" PRIMARY KEY ("id");

-- ----------------------------
-- Checks structure for table CLASS_STUDENT
-- ----------------------------
ALTER TABLE "QLSV"."CLASS_STUDENT" ADD CONSTRAINT "SYS_C007512" CHECK ("id" IS NOT NULL) NOT DEFERRABLE INITIALLY IMMEDIATE NORELY VALIDATE;

-- ----------------------------
-- Primary Key structure for table CYCLE
-- ----------------------------
ALTER TABLE "QLSV"."CYCLE" ADD CONSTRAINT "CYCLE_PK" PRIMARY KEY ("ID");

-- ----------------------------
-- Checks structure for table CYCLE
-- ----------------------------
ALTER TABLE "QLSV"."CYCLE" ADD CONSTRAINT "SYS_C007458" CHECK ("ID" IS NOT NULL) NOT DEFERRABLE INITIALLY IMMEDIATE NORELY VALIDATE;

-- ----------------------------
-- Primary Key structure for table SCORE_SUBJECT
-- ----------------------------
ALTER TABLE "QLSV"."SCORE_SUBJECT" ADD CONSTRAINT "SCORE_SUBJECT_PK" PRIMARY KEY ("ID");

-- ----------------------------
-- Checks structure for table SCORE_SUBJECT
-- ----------------------------
ALTER TABLE "QLSV"."SCORE_SUBJECT" ADD CONSTRAINT "SYS_C007464" CHECK ("ID" IS NOT NULL) NOT DEFERRABLE INITIALLY IMMEDIATE NORELY VALIDATE;

-- ----------------------------
-- Indexes structure for table SCORE_SUBJECT
-- ----------------------------
CREATE INDEX "QLSV"."SCORE_SUBJECT_SUBJECT_ID_IDX"
  ON "QLSV"."SCORE_SUBJECT" ("SUBJECT_ID" ASC)
  LOGGING
  VISIBLE
PCTFREE 10
INITRANS 2
STORAGE (
  INITIAL 65536 
  NEXT 1048576 
  MINEXTENTS 1
  MAXEXTENTS 2147483645
  BUFFER_POOL DEFAULT
  FLASH_CACHE DEFAULT
)
   USABLE;

-- ----------------------------
-- Triggers structure for table SCORE_SUBJECT
-- ----------------------------
CREATE TRIGGER "QLSV"."CALCULATE_SCORE_AVERAGE" BEFORE UPDATE ON "QLSV"."SCORE_SUBJECT" REFERENCING OLD AS "OLD" NEW AS "NEW" FOR EACH ROW DISABLE 
BEGIN
    DECLARE process_coef DECIMAL(4,2);
    DECLARE exam_coef DECIMAL(4,2);
    
    SELECT PROCESS_COEFFICIENT, EXAM_COEFFICIENT 
    INTO process_coef, exam_coef
    FROM SUBJECT 
    WHERE ID = NEW.SUBJECT_ID;
    
    IF NEW.SCORE_PROCESS IS NOT NULL AND NEW.SCORE_FINAL IS NOT NULL THEN
        SET NEW.SCORE_AVERAGE = NEW.SCORE_PROCESS * process_coef + NEW.SCORE_FINAL * exam_coef;
    END IF;
END//
DELIMITER ;
/

-- ----------------------------
-- Primary Key structure for table STUDENT
-- ----------------------------
ALTER TABLE "QLSV"."STUDENT" ADD CONSTRAINT "SYS_C007488" PRIMARY KEY ("ID");

-- ----------------------------
-- Checks structure for table STUDENT
-- ----------------------------
ALTER TABLE "QLSV"."STUDENT" ADD CONSTRAINT "SYS_C007486" CHECK ("ID" IS NOT NULL) NOT DEFERRABLE INITIALLY IMMEDIATE NORELY VALIDATE;
ALTER TABLE "QLSV"."STUDENT" ADD CONSTRAINT "SYS_C007487" CHECK ("NAME" IS NOT NULL) NOT DEFERRABLE INITIALLY IMMEDIATE NORELY VALIDATE;
ALTER TABLE "QLSV"."STUDENT" ADD CONSTRAINT "SYS_C007489" CHECK ("DELETED" IS NOT NULL) NOT DEFERRABLE INITIALLY IMMEDIATE NORELY VALIDATE;
ALTER TABLE "QLSV"."STUDENT" ADD CONSTRAINT "SYS_C007490" CHECK ("STATUS" IS NOT NULL) NOT DEFERRABLE INITIALLY IMMEDIATE NORELY VALIDATE;
ALTER TABLE "QLSV"."STUDENT" ADD CONSTRAINT "SYS_C007491" CHECK ("CREATE_AT" IS NOT NULL) NOT DEFERRABLE INITIALLY IMMEDIATE NORELY VALIDATE;
ALTER TABLE "QLSV"."STUDENT" ADD CONSTRAINT "SYS_C007492" CHECK ("LASTMODIFIED" IS NOT NULL) NOT DEFERRABLE INITIALLY IMMEDIATE NORELY VALIDATE;

-- ----------------------------
-- Primary Key structure for table SUBJECT
-- ----------------------------
ALTER TABLE "QLSV"."SUBJECT" ADD CONSTRAINT "SUBJECT_PK" PRIMARY KEY ("ID");

-- ----------------------------
-- Checks structure for table SUBJECT
-- ----------------------------
ALTER TABLE "QLSV"."SUBJECT" ADD CONSTRAINT "SYS_C007466" CHECK ("ID" IS NOT NULL) NOT DEFERRABLE INITIALLY IMMEDIATE NORELY VALIDATE;

-- ----------------------------
-- Indexes structure for table SUBJECT
-- ----------------------------
CREATE INDEX "QLSV"."SUBJECT_CYCLE_ID_IDX"
  ON "QLSV"."SUBJECT" ("CYCLE_ID" ASC)
  LOGGING
  VISIBLE
PCTFREE 10
INITRANS 2
STORAGE (
  INITIAL 65536 
  NEXT 1048576 
  MINEXTENTS 1
  MAXEXTENTS 2147483645
  BUFFER_POOL DEFAULT
  FLASH_CACHE DEFAULT
)
   USABLE;
CREATE INDEX "QLSV"."SUBJECT_USER_ID_IDX"
  ON "QLSV"."SUBJECT" ("TEACHER_ID" ASC)
  LOGGING
  VISIBLE
PCTFREE 10
INITRANS 2
STORAGE (
  INITIAL 65536 
  NEXT 1048576 
  MINEXTENTS 1
  MAXEXTENTS 2147483645
  BUFFER_POOL DEFAULT
  FLASH_CACHE DEFAULT
)
   USABLE;

-- ----------------------------
-- Primary Key structure for table TEACHER
-- ----------------------------
ALTER TABLE "QLSV"."TEACHER" ADD CONSTRAINT "SYS_C007485" PRIMARY KEY ("ID");

-- ----------------------------
-- Checks structure for table TEACHER
-- ----------------------------
ALTER TABLE "QLSV"."TEACHER" ADD CONSTRAINT "SYS_C007483" CHECK ("ID" IS NOT NULL) NOT DEFERRABLE INITIALLY IMMEDIATE NORELY VALIDATE;
ALTER TABLE "QLSV"."TEACHER" ADD CONSTRAINT "SYS_C007484" CHECK ("NAME" IS NOT NULL) NOT DEFERRABLE INITIALLY IMMEDIATE NORELY VALIDATE;
ALTER TABLE "QLSV"."TEACHER" ADD CONSTRAINT "SYS_C007493" CHECK ("STATUS" IS NOT NULL) NOT DEFERRABLE INITIALLY IMMEDIATE NORELY VALIDATE;
ALTER TABLE "QLSV"."TEACHER" ADD CONSTRAINT "SYS_C007495" CHECK ("DELETED" IS NOT NULL) NOT DEFERRABLE INITIALLY IMMEDIATE NORELY VALIDATE;
ALTER TABLE "QLSV"."TEACHER" ADD CONSTRAINT "SYS_C007528" CHECK ("PASSWORD" IS NOT NULL) NOT DEFERRABLE INITIALLY IMMEDIATE NORELY VALIDATE;
ALTER TABLE "QLSV"."TEACHER" ADD CONSTRAINT "SYS_C007529" CHECK ("TYPE" IS NOT NULL) NOT DEFERRABLE INITIALLY IMMEDIATE NORELY VALIDATE;

-- ----------------------------
-- Foreign Keys structure for table CLASS
-- ----------------------------
ALTER TABLE "QLSV"."CLASS" ADD CONSTRAINT "FK_CLASS_TEACHER_ID" FOREIGN KEY ("TEACHER_ID") REFERENCES "QLSV"."TEACHER" ("ID") NOT DEFERRABLE INITIALLY IMMEDIATE NORELY VALIDATE;

-- ----------------------------
-- Foreign Keys structure for table CLASS_STUDENT
-- ----------------------------
ALTER TABLE "QLSV"."CLASS_STUDENT" ADD CONSTRAINT "FK_CLASS_ID" FOREIGN KEY ("CLASS_ID") REFERENCES "QLSV"."CLASS" ("ID") NOT DEFERRABLE INITIALLY IMMEDIATE NORELY VALIDATE;
ALTER TABLE "QLSV"."CLASS_STUDENT" ADD CONSTRAINT "FK_STUDENT_ID" FOREIGN KEY ("STUDENT_ID") REFERENCES "QLSV"."STUDENT" ("ID") NOT DEFERRABLE INITIALLY IMMEDIATE NORELY VALIDATE;

-- ----------------------------
-- Foreign Keys structure for table SCORE_SUBJECT
-- ----------------------------

-- ----------------------------
-- Foreign Keys structure for table SUBJECT
-- ----------------------------
