/*
 Navicat Premium Data Transfer

 Source Server         : DB_QLSV
 Source Server Type    : Oracle
 Source Server Version : 190000
 Source Host           : localhost:1521
 Source Schema         : TRUNGNT_USER

 Target Server Type    : Oracle
 Target Server Version : 190000
 File Encoding         : 65001

 Date: 25/05/2025 22:28:04
*/


-- ----------------------------
-- Table structure for CLASS
-- ----------------------------
DROP TABLE "TRUNGNT_USER"."CLASS";
CREATE TABLE "TRUNGNT_USER"."CLASS" (
  "ID" VARCHAR2(20 CHAR) VISIBLE NOT NULL,
  "NAME" VARCHAR2(200 CHAR) VISIBLE,
  "DESCRIPTION" CLOB VISIBLE,
  "CREATED_AT" DATE VISIBLE,
  "LASTMODIFIED" DATE VISIBLE,
  "DELETED" NUMBER(1,0) VISIBLE,
  "STATUS" NUMBER(1,0) VISIBLE,
  "TEACHER_ID" VARCHAR2(20 CHAR) VISIBLE
)
LOGGING
NOCOMPRESS
PCTFREE 10
INITRANS 1
STORAGE (
  INITIAL 65536 
  NEXT 1048576 
  MINEXTENTS 1
  MAXEXTENTS 2147483645
  BUFFER_POOL DEFAULT
)
PARALLEL 1
NOCACHE
DISABLE ROW MOVEMENT
;

-- ----------------------------
-- Records of CLASS
-- ----------------------------
INSERT INTO "TRUNGNT_USER"."CLASS" VALUES ('1710cb18-b6ec-46', 'Lập trình máy tính', NULL, TO_DATE('2025-05-02 00:00:00', 'SYYYY-MM-DD HH24:MI:SS'), TO_DATE('2025-05-02 00:00:00', 'SYYYY-MM-DD HH24:MI:SS'), '0', '0', 'GV001');
INSERT INTO "TRUNGNT_USER"."CLASS" VALUES ('bb1914a1-1e13-4c', 'Ứng dụng phần mềm', NULL, TO_DATE('2025-05-02 00:00:00', 'SYYYY-MM-DD HH24:MI:SS'), TO_DATE('2025-05-02 00:00:00', 'SYYYY-MM-DD HH24:MI:SS'), '0', '0', 'GV002');
INSERT INTO "TRUNGNT_USER"."CLASS" VALUES ('d4b001e7-9109-41', 'Công nghệ thông tin', NULL, TO_DATE('2025-05-02 00:00:00', 'SYYYY-MM-DD HH24:MI:SS'), TO_DATE('2025-05-02 00:00:00', 'SYYYY-MM-DD HH24:MI:SS'), '0', '0', 'GV001');

-- ----------------------------
-- Table structure for CLASS_USER
-- ----------------------------
DROP TABLE "TRUNGNT_USER"."CLASS_USER";
CREATE TABLE "TRUNGNT_USER"."CLASS_USER" (
  "CLASS_ID" VARCHAR2(20 BYTE) VISIBLE NOT NULL,
  "STUDENT_ID" VARCHAR2(20 BYTE) VISIBLE NOT NULL
)
LOGGING
NOCOMPRESS
PCTFREE 10
INITRANS 1
STORAGE (
  INITIAL 65536 
  NEXT 1048576 
  MINEXTENTS 1
  MAXEXTENTS 2147483645
  BUFFER_POOL DEFAULT
)
PARALLEL 1
NOCACHE
DISABLE ROW MOVEMENT
;

-- ----------------------------
-- Records of CLASS_USER
-- ----------------------------
INSERT INTO "TRUNGNT_USER"."CLASS_USER" VALUES ('1710cb18-b6ec-46', 'SV001');
INSERT INTO "TRUNGNT_USER"."CLASS_USER" VALUES ('1710cb18-b6ec-46', 'SV002');
INSERT INTO "TRUNGNT_USER"."CLASS_USER" VALUES ('1710cb18-b6ec-46', 'SV003');
INSERT INTO "TRUNGNT_USER"."CLASS_USER" VALUES ('1710cb18-b6ec-46', 'SV004');
INSERT INTO "TRUNGNT_USER"."CLASS_USER" VALUES ('1710cb18-b6ec-46', 'SV005');
INSERT INTO "TRUNGNT_USER"."CLASS_USER" VALUES ('1710cb18-b6ec-46', 'SV006');
INSERT INTO "TRUNGNT_USER"."CLASS_USER" VALUES ('bb1914a1-1e13-4c', 'SV001');
INSERT INTO "TRUNGNT_USER"."CLASS_USER" VALUES ('bb1914a1-1e13-4c', 'SV002');
INSERT INTO "TRUNGNT_USER"."CLASS_USER" VALUES ('bb1914a1-1e13-4c', 'SV003');
INSERT INTO "TRUNGNT_USER"."CLASS_USER" VALUES ('bb1914a1-1e13-4c', 'SV004');
INSERT INTO "TRUNGNT_USER"."CLASS_USER" VALUES ('bb1914a1-1e13-4c', 'SV005');
INSERT INTO "TRUNGNT_USER"."CLASS_USER" VALUES ('bb1914a1-1e13-4c', 'SV006');

-- ----------------------------
-- Table structure for CYCLE
-- ----------------------------
DROP TABLE "TRUNGNT_USER"."CYCLE";
CREATE TABLE "TRUNGNT_USER"."CYCLE" (
  "ID" VARCHAR2(20 CHAR) VISIBLE NOT NULL,
  "NAME" VARCHAR2(200 CHAR) VISIBLE,
  "DESCRIPTION" CLOB VISIBLE,
  "START_DATE" DATE VISIBLE,
  "END_DATE" DATE VISIBLE,
  "CREATED_AT" DATE VISIBLE,
  "LASTMODIFIED" DATE VISIBLE,
  "DELETED" NUMBER(1,0) VISIBLE,
  "STATUS" NUMBER(1,0) VISIBLE
)
LOGGING
NOCOMPRESS
PCTFREE 10
INITRANS 1
STORAGE (
  INITIAL 65536 
  NEXT 1048576 
  MINEXTENTS 1
  MAXEXTENTS 2147483645
  BUFFER_POOL DEFAULT
)
PARALLEL 1
NOCACHE
DISABLE ROW MOVEMENT
;

-- ----------------------------
-- Records of CYCLE
-- ----------------------------
INSERT INTO "TRUNGNT_USER"."CYCLE" VALUES ('1', 'Học kỳ 1', 'học kỳ', TO_DATE('2025-04-16 00:00:00', 'SYYYY-MM-DD HH24:MI:SS'), TO_DATE('2025-04-16 00:00:00', 'SYYYY-MM-DD HH24:MI:SS'), TO_DATE('2025-04-16 00:00:00', 'SYYYY-MM-DD HH24:MI:SS'), TO_DATE('2025-04-16 00:00:00', 'SYYYY-MM-DD HH24:MI:SS'), '0', '0');
INSERT INTO "TRUNGNT_USER"."CYCLE" VALUES ('2', 'Học kỳ 2', 'học kỳ', TO_DATE('2025-04-16 00:00:00', 'SYYYY-MM-DD HH24:MI:SS'), TO_DATE('2025-04-16 00:00:00', 'SYYYY-MM-DD HH24:MI:SS'), TO_DATE('2025-04-16 00:00:00', 'SYYYY-MM-DD HH24:MI:SS'), TO_DATE('2025-04-16 00:00:00', 'SYYYY-MM-DD HH24:MI:SS'), '0', '0');
INSERT INTO "TRUNGNT_USER"."CYCLE" VALUES ('3', 'Học kỳ 3', 'học kỳ', TO_DATE('2025-04-16 00:00:00', 'SYYYY-MM-DD HH24:MI:SS'), TO_DATE('2025-04-16 00:00:00', 'SYYYY-MM-DD HH24:MI:SS'), TO_DATE('2025-04-16 00:00:00', 'SYYYY-MM-DD HH24:MI:SS'), TO_DATE('2025-04-16 00:00:00', 'SYYYY-MM-DD HH24:MI:SS'), '0', '0');
INSERT INTO "TRUNGNT_USER"."CYCLE" VALUES ('4', 'Học kỳ 4', 'học kỳ', TO_DATE('2025-04-16 00:00:00', 'SYYYY-MM-DD HH24:MI:SS'), TO_DATE('2025-04-16 00:00:00', 'SYYYY-MM-DD HH24:MI:SS'), TO_DATE('2025-04-16 00:00:00', 'SYYYY-MM-DD HH24:MI:SS'), TO_DATE('2025-04-16 00:00:00', 'SYYYY-MM-DD HH24:MI:SS'), '0', '0');
INSERT INTO "TRUNGNT_USER"."CYCLE" VALUES ('5', 'Học kỳ 5', 'học kỳ', TO_DATE('2025-04-16 00:00:00', 'SYYYY-MM-DD HH24:MI:SS'), TO_DATE('2025-04-16 00:00:00', 'SYYYY-MM-DD HH24:MI:SS'), TO_DATE('2025-04-16 00:00:00', 'SYYYY-MM-DD HH24:MI:SS'), TO_DATE('2025-04-16 00:00:00', 'SYYYY-MM-DD HH24:MI:SS'), '0', '0');
INSERT INTO "TRUNGNT_USER"."CYCLE" VALUES ('6', 'Học kỳ 6', 'học kỳ', TO_DATE('2025-04-16 00:00:00', 'SYYYY-MM-DD HH24:MI:SS'), TO_DATE('2025-04-16 00:00:00', 'SYYYY-MM-DD HH24:MI:SS'), TO_DATE('2025-04-16 00:00:00', 'SYYYY-MM-DD HH24:MI:SS'), TO_DATE('2025-04-16 00:00:00', 'SYYYY-MM-DD HH24:MI:SS'), '0', '0');

-- ----------------------------
-- Table structure for LOGIN
-- ----------------------------
DROP TABLE "TRUNGNT_USER"."LOGIN";
CREATE TABLE "TRUNGNT_USER"."LOGIN" (
  "ID" VARCHAR2(36 CHAR) VISIBLE NOT NULL,
  "USERNAME" VARCHAR2(200 CHAR) VISIBLE,
  "PASSWORD" VARCHAR2(255 CHAR) VISIBLE,
  "DELETED" NUMBER(1,0) VISIBLE,
  "USER_ID" VARCHAR2(20 CHAR) VISIBLE
)
LOGGING
NOCOMPRESS
PCTFREE 10
INITRANS 1
STORAGE (
  INITIAL 65536 
  NEXT 1048576 
  MINEXTENTS 1
  MAXEXTENTS 2147483645
  BUFFER_POOL DEFAULT
)
PARALLEL 1
NOCACHE
DISABLE ROW MOVEMENT
;

-- ----------------------------
-- Records of LOGIN
-- ----------------------------
INSERT INTO "TRUNGNT_USER"."LOGIN" VALUES ('22ba9c67-0a01-4a', 'SV001', '$2a$12$5inrwKNhd.7in/mwwsyTYO.F9gqT2TWKGGZK/7l2dUVKNkhGtBT.q', '0', 'SV001');
INSERT INTO "TRUNGNT_USER"."LOGIN" VALUES ('521a0461-ac95-4cc5-a221-736e07d939cd', 'admin123', '$2a$2a$12$uu1V3Sg66J7T3F5nX8jv9uiXv9lW5EmE.jzwfbHmXVrfjGlgMVSkm', '0', 'admin123');
INSERT INTO "TRUNGNT_USER"."LOGIN" VALUES ('6d714a61-2811-4941-8f1b-3689aad38fbe', 'GV001', '$2a$12$RIsUm1O2ZmRYbl7mPhU0senRXeiaysuGubg7XL6bo7RiasE8XqGM6', '0', 'GV001');
INSERT INTO "TRUNGNT_USER"."LOGIN" VALUES ('b2258561-7d2b-45', 'SV002', '$2a$12$93X7LaoFW.CzIG7SgC1EmOu1Z6UFkEiuxbfyVyHgx7Ic12Q2Ds6GS', '0', 'SV002');
INSERT INTO "TRUNGNT_USER"."LOGIN" VALUES ('b95ddd73-2394-4f9f-8954-c2dc7e55d283', 'GV002', '$2a$12$eyuIaM9JzDDdXAmWtiSAreAd6EADI4PA4HcIz4YOWOjotOlOz53Yi', '0', 'GV002');
INSERT INTO "TRUNGNT_USER"."LOGIN" VALUES ('d446c126-9b67-477d-b01a-31c51ff70d2b', 'GV003', '$2a$12$hciin4Oi5dwd/Y9nJ/dkX..HD6PQ9bcCWEsHeY1s4t.Jmqx0cRSte', '0', 'GV003');

-- ----------------------------
-- Table structure for SCORE
-- ----------------------------
DROP TABLE "TRUNGNT_USER"."SCORE";
CREATE TABLE "TRUNGNT_USER"."SCORE" (
  "ID" VARCHAR2(20 CHAR) VISIBLE NOT NULL,
  "USER_ID" VARCHAR2(20 CHAR) VISIBLE,
  "CREATED_AT" DATE VISIBLE,
  "LASTMODIFIED" DATE VISIBLE,
  "DELETED" NUMBER(1,0) VISIBLE
)
LOGGING
NOCOMPRESS
PCTFREE 10
INITRANS 1
STORAGE (
  INITIAL 65536 
  NEXT 1048576 
  MINEXTENTS 1
  MAXEXTENTS 2147483645
  BUFFER_POOL DEFAULT
)
PARALLEL 1
NOCACHE
DISABLE ROW MOVEMENT
;

-- ----------------------------
-- Records of SCORE
-- ----------------------------
INSERT INTO "TRUNGNT_USER"."SCORE" VALUES ('085c2940-6c07-4a', 'SV001', TO_DATE('2025-05-02 00:00:00', 'SYYYY-MM-DD HH24:MI:SS'), TO_DATE('2025-05-02 00:00:00', 'SYYYY-MM-DD HH24:MI:SS'), '0');
INSERT INTO "TRUNGNT_USER"."SCORE" VALUES ('15b6e443-aaa3-4d', 'SV002', TO_DATE('2025-05-03 00:00:00', 'SYYYY-MM-DD HH24:MI:SS'), TO_DATE('2025-05-03 00:00:00', 'SYYYY-MM-DD HH24:MI:SS'), '0');
INSERT INTO "TRUNGNT_USER"."SCORE" VALUES ('76784bc2-97f7-4e', 'SV002', TO_DATE('2025-05-03 00:00:00', 'SYYYY-MM-DD HH24:MI:SS'), TO_DATE('2025-05-03 00:00:00', 'SYYYY-MM-DD HH24:MI:SS'), '0');
INSERT INTO "TRUNGNT_USER"."SCORE" VALUES ('85335c86-5b99-4b', 'SV003', TO_DATE('2025-05-03 00:00:00', 'SYYYY-MM-DD HH24:MI:SS'), TO_DATE('2025-05-03 00:00:00', 'SYYYY-MM-DD HH24:MI:SS'), '0');
INSERT INTO "TRUNGNT_USER"."SCORE" VALUES ('86faff87-aa56-4e', 'SV003', TO_DATE('2025-05-03 00:00:00', 'SYYYY-MM-DD HH24:MI:SS'), TO_DATE('2025-05-03 00:00:00', 'SYYYY-MM-DD HH24:MI:SS'), '0');
INSERT INTO "TRUNGNT_USER"."SCORE" VALUES ('e123b8bf-747b-49', 'SV001', TO_DATE('2025-05-02 00:00:00', 'SYYYY-MM-DD HH24:MI:SS'), TO_DATE('2025-05-02 00:00:00', 'SYYYY-MM-DD HH24:MI:SS'), '0');
INSERT INTO "TRUNGNT_USER"."SCORE" VALUES ('e4b86694-0568-46', 'SV001', TO_DATE('2025-05-03 00:00:00', 'SYYYY-MM-DD HH24:MI:SS'), TO_DATE('2025-05-03 00:00:00', 'SYYYY-MM-DD HH24:MI:SS'), '0');
INSERT INTO "TRUNGNT_USER"."SCORE" VALUES ('e534e300-1e8f-40', 'SV002', TO_DATE('2025-05-03 00:00:00', 'SYYYY-MM-DD HH24:MI:SS'), TO_DATE('2025-05-03 00:00:00', 'SYYYY-MM-DD HH24:MI:SS'), '0');
INSERT INTO "TRUNGNT_USER"."SCORE" VALUES ('e7cc34aa-36dc-43', 'SV003', TO_DATE('2025-05-03 00:00:00', 'SYYYY-MM-DD HH24:MI:SS'), TO_DATE('2025-05-03 00:00:00', 'SYYYY-MM-DD HH24:MI:SS'), '0');

-- ----------------------------
-- Table structure for SCORE_SUBJECT
-- ----------------------------
DROP TABLE "TRUNGNT_USER"."SCORE_SUBJECT";
CREATE TABLE "TRUNGNT_USER"."SCORE_SUBJECT" (

)
LOGGING
NOCOMPRESS
PCTFREE 10
INITRANS 1
STORAGE (
  INITIAL 65536 
  NEXT 1048576 
  MINEXTENTS 1
  MAXEXTENTS 2147483645
  BUFFER_POOL DEFAULT
)
PARALLEL 1
NOCACHE
DISABLE ROW MOVEMENT
;
